Year_Month,Total_Applications,Confirmed_Fraud_Count,Fraud_Rate,Fraud_Rate_Percent
2025-01,7423,30,0.0040414926579550045,0.4041492657955005
2025-02,10225,51,0.0049877750611246946,0.49877750611246946
2025-03,28610,2724,0.0952114645228941,9.52114645228941
